student_id,course_id,satisfaction,contribution,general_sentiment
464,49,80.0,,80.0
464,50,60.0,,60.0
464,45,40.0,,40.0
551,26,80.0,,80.0
551,50,60.0,,60.0
551,48,40.0,,40.0
271,42,80.0,,80.0
271,40,60.0,,60.0
271,45,40.0,,40.0
328,2,80.0,,80.0
328,47,60.0,,60.0
328,48,40.0,,40.0
1164,50,80.0,,80.0
1164,48,60.0,,60.0
924,50,80.0,,80.0
924,18,60.0,,60.0
924,48,40.0,,40.0
1278,50,80.0,,80.0
1278,47,60.0,,60.0
1278,45,40.0,,40.0
1203,50,80.0,,80.0
1203,44,60.0,,60.0
1203,48,40.0,,40.0
1316,16,80.0,,80.0
1316,15,60.0,,60.0
1316,51,40.0,,40.0
672,43,80.0,,80.0
672,51,60.0,,60.0
248,38,80.0,,80.0
248,40,60.0,,60.0
1003,50,80.0,,80.0
1003,1,60.0,,60.0
1003,51,40.0,,40.0
1481,47,80.0,,80.0
1481,48,60.0,,60.0
1377,50,80.0,,80.0
1377,23,60.0,,60.0
1377,25,40.0,,40.0
1494,49,80.0,,80.0
1494,11,60.0,,60.0
1494,45,40.0,,40.0
1491,49,80.0,,80.0
1491,36,60.0,,60.0
1491,47,40.0,,40.0
143,30,80.0,,80.0
143,44,60.0,,60.0
143,46,40.0,,40.0
21,33,80.0,,80.0
21,47,60.0,,60.0
21,46,40.0,,40.0
322,17,80.0,,80.0
322,46,60.0,,60.0
322,48,40.0,,40.0
1321,3,80.0,,80.0
1321,51,60.0,,60.0
1390,4,80.0,,80.0
1390,47,60.0,,60.0
1390,46,40.0,,40.0
922,27,80.0,,80.0
922,44,60.0,,60.0
922,46,40.0,,40.0
596,40,80.0,,80.0
596,44,60.0,,60.0
596,46,40.0,,40.0
1464,21,80.0,,80.0
1464,47,60.0,,60.0
1464,51,40.0,,40.0
557,36,80.0,,80.0
557,35,60.0,,60.0
557,45,40.0,,40.0
115,50,80.0,,80.0
115,47,60.0,,60.0
115,44,40.0,,40.0
1265,49,80.0,,80.0
1265,48,60.0,,60.0
650,15,80.0,,80.0
650,19,60.0,,60.0
1251,34,80.0,,80.0
1251,44,60.0,,60.0
1251,48,40.0,,40.0
802,47,80.0,,80.0
802,46,60.0,,60.0
802,48,40.0,,40.0
1262,51,80.0,,80.0
1262,45,60.0,,60.0
1093,1,80.0,,80.0
1093,47,60.0,,60.0
1093,51,40.0,,40.0
479,47,80.0,,80.0
479,9,60.0,,60.0
479,51,40.0,,40.0
1218,14,80.0,,80.0
1218,51,60.0,,60.0
1218,45,40.0,,40.0
202,18,80.0,,80.0
202,17,60.0,,60.0
202,20,40.0,,40.0
136,50,80.0,,80.0
136,17,60.0,,60.0
136,48,40.0,,40.0
1154,33,80.0,,80.0
1154,44,60.0,,60.0
1154,37,40.0,,40.0
150,21,80.0,,80.0
150,49,60.0,,60.0
536,49,80.0,,80.0
536,19,60.0,,60.0
140,50,80.0,,80.0
140,51,60.0,,60.0
140,45,40.0,,40.0
502,18,80.0,,80.0
502,17,60.0,,60.0
770,49,80.0,,80.0
770,51,60.0,,60.0
770,16,40.0,,40.0
651,22,80.0,,80.0
651,50,60.0,,60.0
651,24,40.0,,40.0
186,45,80.0,,80.0
186,12,60.0,,60.0
186,14,40.0,,40.0
1346,18,80.0,,80.0
1346,44,60.0,,60.0
1346,19,40.0,,40.0
458,50,80.0,,80.0
458,51,60.0,,60.0
458,11,40.0,,40.0
586,49,80.0,,80.0
586,27,60.0,,60.0
586,46,40.0,,40.0
693,15,80.0,,80.0
693,44,60.0,,60.0
693,46,40.0,,40.0
1277,44,80.0,,80.0
1277,47,60.0,,60.0
1277,9,40.0,,40.0
428,47,80.0,,80.0
428,48,60.0,,60.0
428,45,40.0,,40.0
1429,23,80.0,,80.0
1429,44,60.0,,60.0
1305,47,80.0,,80.0
1305,35,60.0,,60.0
1305,45,40.0,,40.0
197,44,80.0,,80.0
197,48,60.0,,60.0
839,49,80.0,,80.0
839,51,60.0,,60.0
839,45,40.0,,40.0
541,50,80.0,,80.0
541,30,60.0,,60.0
541,11,40.0,,40.0
678,33,80.0,,80.0
678,50,60.0,,60.0
196,42,80.0,,80.0
196,49,60.0,,60.0
196,47,40.0,,40.0
187,49,80.0,,80.0
187,46,60.0,,60.0
532,17,80.0,,80.0
532,46,60.0,,60.0
532,45,40.0,,40.0
90,49,80.0,,80.0
90,34,60.0,,60.0
90,48,40.0,,40.0
1179,40,80.0,,80.0
1179,48,60.0,,60.0
1455,47,80.0,,80.0
1455,50,60.0,,60.0
1455,18,40.0,,40.0
1023,38,80.0,,80.0
1023,49,60.0,,60.0
1023,47,40.0,,40.0
375,50,80.0,,80.0
375,25,60.0,,60.0
375,48,40.0,,40.0
1193,49,80.0,,80.0
1193,51,60.0,,60.0
1193,45,40.0,,40.0
1482,35,80.0,,80.0
1482,48,60.0,,60.0
1486,36,80.0,,80.0
1486,51,60.0,,60.0
252,49,80.0,,80.0
252,50,60.0,,60.0
252,18,40.0,,40.0
191,47,80.0,,80.0
191,46,60.0,,60.0
191,48,40.0,,40.0
206,22,80.0,,80.0
206,23,60.0,,60.0
206,25,40.0,,40.0
1295,32,80.0,,80.0
1295,34,60.0,,60.0
1295,45,40.0,,40.0
1197,13,80.0,,80.0
1197,12,60.0,,60.0
1197,11,40.0,,40.0
1320,49,80.0,,80.0
1320,50,60.0,,60.0
1320,46,40.0,,40.0
676,47,80.0,,80.0
676,46,60.0,,60.0
593,50,80.0,,80.0
593,46,60.0,,60.0
593,48,40.0,,40.0
254,51,80.0,,80.0
254,48,60.0,,60.0
181,49,80.0,,80.0
181,34,60.0,,60.0
181,37,40.0,,40.0
1048,45,80.0,,80.0
1048,47,60.0,,60.0
1048,26,40.0,,40.0
1495,50,80.0,,80.0
1495,18,60.0,,60.0
1495,51,40.0,,40.0
522,49,80.0,,80.0
522,47,60.0,,60.0
522,51,40.0,,40.0
394,51,80.0,,80.0
394,37,60.0,,60.0
394,45,40.0,,40.0
603,33,80.0,,80.0
603,51,60.0,,60.0
603,35,40.0,,40.0
951,18,80.0,,80.0
951,48,60.0,,60.0
989,42,80.0,,80.0
989,47,60.0,,60.0
989,51,40.0,,40.0
942,51,80.0,,80.0
942,50,60.0,,60.0
942,29,40.0,,40.0
665,49,80.0,,80.0
665,45,60.0,,60.0
1345,51,80.0,,80.0
1345,44,60.0,,60.0
1345,35,40.0,,40.0
24,13,80.0,,80.0
24,11,60.0,,60.0
24,45,40.0,,40.0
121,2,80.0,,80.0
121,44,60.0,,60.0
121,46,40.0,,40.0
1242,38,80.0,,80.0
1242,44,60.0,,60.0
1242,46,40.0,,40.0
1340,2,80.0,,80.0
1340,51,60.0,,60.0
1340,45,40.0,,40.0
487,50,80.0,,80.0
487,46,60.0,,60.0
487,26,40.0,,40.0
1007,5,80.0,,80.0
1007,51,60.0,,60.0
1007,46,40.0,,40.0
684,2,80.0,,80.0
684,44,60.0,,60.0
684,45,40.0,,40.0
1078,50,80.0,,80.0
1078,40,60.0,,60.0
1078,51,40.0,,40.0
1009,45,80.0,,80.0
1009,51,60.0,,60.0
1009,19,40.0,,40.0
282,37,80.0,,80.0
282,47,60.0,,60.0
282,46,40.0,,40.0
1348,1,80.0,,80.0
1348,46,60.0,,60.0
1348,45,40.0,,40.0
26,49,80.0,,80.0
26,24,60.0,,60.0
1382,50,80.0,,80.0
1382,44,60.0,,60.0
1382,20,40.0,,40.0
353,18,80.0,,80.0
353,51,60.0,,60.0
353,45,40.0,,40.0
367,50,80.0,,80.0
367,47,60.0,,60.0
367,45,40.0,,40.0
1343,50,80.0,,80.0
1343,46,60.0,,60.0
176,43,80.0,,80.0
176,38,60.0,,60.0
176,51,40.0,,40.0
363,49,80.0,,80.0
363,47,60.0,,60.0
363,44,40.0,,40.0
471,22,80.0,,80.0
471,49,60.0,,60.0
471,51,40.0,,40.0
1170,43,80.0,,80.0
1170,51,60.0,,60.0
1170,46,40.0,,40.0
1027,49,80.0,,80.0
1027,51,60.0,,60.0
1027,44,40.0,,40.0
379,43,80.0,,80.0
379,40,60.0,,60.0
379,48,40.0,,40.0
1376,30,80.0,,80.0
1376,51,60.0,,60.0
1376,48,40.0,,40.0
1374,47,80.0,,80.0
1374,44,60.0,,60.0
315,44,80.0,,80.0
315,11,60.0,,60.0
72,15,80.0,,80.0
72,47,60.0,,60.0
72,51,40.0,,40.0
1184,42,80.0,,80.0
1184,49,60.0,,60.0
1184,50,40.0,,40.0
940,47,80.0,,80.0
940,37,60.0,,60.0
940,45,40.0,,40.0
446,45,80.0,,80.0
446,51,60.0,,60.0
446,48,40.0,,40.0
1318,38,80.0,,80.0
1318,49,60.0,,60.0
1318,45,40.0,,40.0
1298,44,80.0,,80.0
1298,3,60.0,,60.0
1298,46,40.0,,40.0
48,50,80.0,,80.0
48,9,60.0,,60.0
1417,50,80.0,,80.0
1417,47,60.0,,60.0
1417,45,40.0,,40.0
281,47,80.0,,80.0
281,51,60.0,,60.0
281,45,40.0,,40.0
513,49,80.0,,80.0
513,12,60.0,,60.0
513,14,40.0,,40.0
578,49,80.0,,80.0
578,50,60.0,,60.0
578,51,40.0,,40.0
853,33,80.0,,80.0
853,50,60.0,,60.0
853,35,40.0,,40.0
1159,48,80.0,,80.0
1159,45,60.0,,60.0
622,15,80.0,,80.0
622,46,60.0,,60.0
540,51,80.0,,80.0
540,46,60.0,,60.0
540,45,40.0,,40.0
793,49,80.0,,80.0
793,50,60.0,,60.0
793,46,40.0,,40.0
58,45,80.0,,80.0
58,48,60.0,,60.0
1443,44,80.0,,80.0
1443,35,60.0,,60.0
153,42,80.0,,80.0
153,47,60.0,,60.0
153,46,40.0,,40.0
854,24,80.0,,80.0
854,47,60.0,,60.0
507,51,80.0,,80.0
507,48,60.0,,60.0
526,22,80.0,,80.0
526,50,60.0,,60.0
526,51,40.0,,40.0
1303,15,80.0,,80.0
1303,50,60.0,,60.0
1303,51,40.0,,40.0
504,49,80.0,,80.0
504,51,60.0,,60.0
504,45,40.0,,40.0
879,47,80.0,,80.0
879,29,60.0,,60.0
879,45,40.0,,40.0
905,50,80.0,,80.0
905,40,60.0,,60.0
438,15,80.0,,80.0
438,45,60.0,,60.0
633,43,80.0,,80.0
633,44,60.0,,60.0
633,51,40.0,,40.0
1102,50,80.0,,80.0
1102,36,60.0,,60.0
1102,32,40.0,,40.0
824,1,80.0,,80.0
824,44,60.0,,60.0
824,45,40.0,,40.0
732,40,80.0,,80.0
732,47,60.0,,60.0
732,45,40.0,,40.0
346,47,80.0,,80.0
346,44,60.0,,60.0
346,46,40.0,,40.0
803,44,80.0,,80.0
803,45,60.0,,60.0
9,45,80.0,,80.0
9,50,60.0,,60.0
9,48,40.0,,40.0
1307,15,80.0,,80.0
1307,18,60.0,,60.0
1307,44,40.0,,40.0
956,17,80.0,,80.0
956,46,60.0,,60.0
956,45,40.0,,40.0
1493,50,80.0,,80.0
1493,32,60.0,,60.0
1493,51,40.0,,40.0
1381,47,80.0,,80.0
1381,46,60.0,,60.0
269,50,80.0,,80.0
269,44,60.0,,60.0
269,48,40.0,,40.0
362,33,80.0,,80.0
362,51,60.0,,60.0
933,17,80.0,,80.0
933,18,60.0,,60.0
933,44,40.0,,40.0
809,49,80.0,,80.0
809,18,60.0,,60.0
809,46,40.0,,40.0
1031,4,80.0,,80.0
1031,2,60.0,,60.0
1031,44,40.0,,40.0
470,50,80.0,,80.0
470,44,60.0,,60.0
470,48,40.0,,40.0
17,50,80.0,,80.0
17,51,60.0,,60.0
17,46,40.0,,40.0
299,44,80.0,,80.0
299,46,60.0,,60.0
299,48,40.0,,40.0
966,50,80.0,,80.0
966,44,60.0,,60.0
966,46,40.0,,40.0
218,31,80.0,,80.0
218,47,60.0,,60.0
1213,49,80.0,,80.0
1213,50,60.0,,60.0
1213,45,40.0,,40.0
1281,2,80.0,,80.0
1281,47,60.0,,60.0
1281,45,40.0,,40.0
753,46,80.0,,80.0
753,37,60.0,,60.0
170,43,80.0,,80.0
170,50,60.0,,60.0
170,48,40.0,,40.0
929,50,80.0,,80.0
929,9,60.0,,60.0
929,45,40.0,,40.0
1037,2,80.0,,80.0
1037,44,60.0,,60.0
1037,48,40.0,,40.0
162,49,80.0,,80.0
162,50,60.0,,60.0
162,44,40.0,,40.0
1425,42,80.0,,80.0
1425,51,60.0,,60.0
129,50,80.0,,80.0
129,47,60.0,,60.0
129,44,40.0,,40.0
297,45,80.0,,80.0
297,46,60.0,,60.0
297,48,40.0,,40.0
832,34,80.0,,80.0
832,51,60.0,,60.0
832,48,40.0,,40.0
614,26,80.0,,80.0
614,44,60.0,,60.0
614,48,40.0,,40.0
174,49,80.0,,80.0
174,47,60.0,,60.0
174,45,40.0,,40.0
236,20,80.0,,80.0
236,45,60.0,,60.0
639,12,80.0,,80.0
639,48,60.0,,60.0
639,45,40.0,,40.0
915,50,80.0,,80.0
915,25,60.0,,60.0
915,45,40.0,,40.0
1211,43,80.0,,80.0
1211,48,60.0,,60.0
1211,45,40.0,,40.0
465,2,80.0,,80.0
465,1,60.0,,60.0
465,47,40.0,,40.0
1349,51,80.0,,80.0
1349,44,60.0,,60.0
1349,29,40.0,,40.0
235,49,80.0,,80.0
235,47,60.0,,60.0
235,48,40.0,,40.0
292,49,80.0,,80.0
292,47,60.0,,60.0
292,5,40.0,,40.0
721,51,80.0,,80.0
721,44,60.0,,60.0
1411,25,80.0,,80.0
1411,51,60.0,,60.0
141,50,80.0,,80.0
141,47,60.0,,60.0
1121,50,80.0,,80.0
1121,25,60.0,,60.0
1121,51,40.0,,40.0
319,50,80.0,,80.0
319,47,60.0,,60.0
319,17,40.0,,40.0
662,49,80.0,,80.0
662,50,60.0,,60.0
662,47,40.0,,40.0
946,47,80.0,,80.0
946,45,60.0,,60.0
624,21,80.0,,80.0
624,47,60.0,,60.0
624,46,40.0,,40.0
1208,50,80.0,,80.0
1208,29,60.0,,60.0
385,44,80.0,,80.0
385,46,60.0,,60.0
385,45,40.0,,40.0
920,45,80.0,,80.0
920,51,60.0,,60.0
920,48,40.0,,40.0
1136,27,80.0,,80.0
1136,44,60.0,,60.0
203,51,80.0,,80.0
203,46,60.0,,60.0
203,45,40.0,,40.0
894,49,80.0,,80.0
894,46,60.0,,60.0
894,45,40.0,,40.0
44,49,80.0,,80.0
44,47,60.0,,60.0
44,45,40.0,,40.0
1052,44,80.0,,80.0
1052,48,60.0,,60.0
1149,50,80.0,,80.0
1149,51,60.0,,60.0
347,10,80.0,,80.0
347,51,60.0,,60.0
309,15,80.0,,80.0
309,47,60.0,,60.0
309,48,40.0,,40.0
63,49,80.0,,80.0
63,34,60.0,,60.0
63,46,40.0,,40.0
1499,6,80.0,,80.0
1499,44,60.0,,60.0
1499,46,40.0,,40.0
158,49,80.0,,80.0
158,50,60.0,,60.0
158,46,40.0,,40.0
1301,42,80.0,,80.0
1301,38,60.0,,60.0
1301,45,40.0,,40.0
975,22,80.0,,80.0
975,46,60.0,,60.0
975,45,40.0,,40.0
337,51,80.0,,80.0
337,49,60.0,,60.0
337,44,40.0,,40.0
1370,44,80.0,,80.0
1370,51,60.0,,60.0
572,47,80.0,,80.0
572,44,60.0,,60.0
572,46,40.0,,40.0
843,49,80.0,,80.0
843,47,60.0,,60.0
843,44,40.0,,40.0
1146,30,80.0,,80.0
1146,44,60.0,,60.0
1146,48,40.0,,40.0
556,49,80.0,,80.0
556,50,60.0,,60.0
556,11,40.0,,40.0
535,43,80.0,,80.0
535,44,60.0,,60.0
535,46,40.0,,40.0
1117,48,80.0,,80.0
1117,37,60.0,,60.0
1117,45,40.0,,40.0
240,50,80.0,,80.0
240,18,60.0,,60.0
240,17,40.0,,40.0
295,47,80.0,,80.0
295,29,60.0,,60.0
295,48,40.0,,40.0
912,46,80.0,,80.0
912,35,60.0,,60.0
1112,32,80.0,,80.0
1112,51,60.0,,60.0
1112,45,40.0,,40.0
899,49,80.0,,80.0
899,51,60.0,,60.0
899,44,40.0,,40.0
947,43,80.0,,80.0
947,49,60.0,,60.0
947,41,40.0,,40.0
163,50,80.0,,80.0
163,47,60.0,,60.0
163,46,40.0,,40.0
1273,45,80.0,,80.0
1273,46,60.0,,60.0
1273,48,40.0,,40.0
884,47,80.0,,80.0
884,44,60.0,,60.0
884,45,40.0,,40.0
1470,47,80.0,,80.0
1470,11,60.0,,60.0
1470,46,40.0,,40.0
704,46,80.0,,80.0
704,45,60.0,,60.0
505,6,80.0,,80.0
505,51,60.0,,60.0
505,45,40.0,,40.0
528,50,80.0,,80.0
528,47,60.0,,60.0
528,48,40.0,,40.0
919,51,80.0,,80.0
919,25,60.0,,60.0
919,46,40.0,,40.0
767,2,80.0,,80.0
767,3,60.0,,60.0
767,7,40.0,,40.0
1081,50,80.0,,80.0
1081,25,60.0,,60.0
1081,48,40.0,,40.0
1165,31,80.0,,80.0
1165,29,60.0,,60.0
1165,46,40.0,,40.0
316,30,80.0,,80.0
316,29,60.0,,60.0
316,11,40.0,,40.0
1228,47,80.0,,80.0
1228,46,60.0,,60.0
995,36,80.0,,80.0
995,34,60.0,,60.0
995,35,40.0,,40.0
467,47,80.0,,80.0
467,51,60.0,,60.0
467,46,40.0,,40.0
1071,49,80.0,,80.0
1071,47,60.0,,60.0
608,15,80.0,,80.0
608,17,60.0,,60.0
608,45,40.0,,40.0
50,44,80.0,,80.0
50,20,60.0,,60.0
50,19,40.0,,40.0
715,49,80.0,,80.0
715,41,60.0,,60.0
715,51,40.0,,40.0
762,49,80.0,,80.0
762,44,60.0,,60.0
762,45,40.0,,40.0
1053,47,80.0,,80.0
1053,46,60.0,,60.0
1053,48,40.0,,40.0
742,4,80.0,,80.0
742,5,60.0,,60.0
742,3,40.0,,40.0
660,45,80.0,,80.0
660,10,60.0,,60.0
660,14,40.0,,40.0
382,51,80.0,,80.0
382,23,60.0,,60.0
382,44,40.0,,40.0
149,49,80.0,,80.0
149,50,60.0,,60.0
149,51,40.0,,40.0
1468,2,80.0,,80.0
1468,49,60.0,,60.0
1468,45,40.0,,40.0
1239,13,80.0,,80.0
1239,49,60.0,,60.0
1239,47,40.0,,40.0
1435,40,80.0,,80.0
1435,47,60.0,,60.0
1435,48,40.0,,40.0
597,49,80.0,,80.0
597,50,60.0,,60.0
597,45,40.0,,40.0
1011,49,80.0,,80.0
1011,50,60.0,,60.0
1011,51,40.0,,40.0
414,47,80.0,,80.0
414,35,60.0,,60.0
188,49,80.0,,80.0
188,45,60.0,,60.0
761,49,80.0,,80.0
761,34,60.0,,60.0
761,51,40.0,,40.0
750,8,80.0,,80.0
750,44,60.0,,60.0
750,48,40.0,,40.0
1190,44,80.0,,80.0
1190,12,60.0,,60.0
463,4,80.0,,80.0
463,2,60.0,,60.0
463,5,40.0,,40.0
1473,13,80.0,,80.0
1473,49,60.0,,60.0
1473,11,40.0,,40.0
1448,44,80.0,,80.0
1448,46,60.0,,60.0
1423,44,80.0,,80.0
1423,34,60.0,,60.0
1189,51,80.0,,80.0
1189,46,60.0,,60.0
1189,48,40.0,,40.0
1042,18,80.0,,80.0
1042,45,60.0,,60.0
531,50,80.0,,80.0
531,46,60.0,,60.0
231,43,80.0,,80.0
231,46,60.0,,60.0
764,30,80.0,,80.0
764,44,60.0,,60.0
764,45,40.0,,40.0
1057,2,80.0,,80.0
1057,1,60.0,,60.0
1057,47,40.0,,40.0
1214,49,80.0,,80.0
1214,51,60.0,,60.0
1214,46,40.0,,40.0
496,44,80.0,,80.0
496,19,60.0,,60.0
723,2,80.0,,80.0
723,5,60.0,,60.0
723,46,40.0,,40.0
883,50,80.0,,80.0
883,14,60.0,,60.0
883,48,40.0,,40.0
3,47,80.0,,80.0
3,51,60.0,,60.0
3,45,40.0,,40.0
1008,34,80.0,,80.0
1008,46,60.0,,60.0
1008,48,40.0,,40.0
1233,50,80.0,,80.0
1233,47,60.0,,60.0
1233,44,40.0,,40.0
124,6,80.0,,80.0
124,47,60.0,,60.0
124,44,40.0,,40.0
1392,31,80.0,,80.0
1392,30,60.0,,60.0
1392,44,40.0,,40.0
175,38,80.0,,80.0
175,48,60.0,,60.0
669,50,80.0,,80.0
669,51,60.0,,60.0
669,48,40.0,,40.0
233,47,80.0,,80.0
233,23,60.0,,60.0
233,45,40.0,,40.0
1280,22,80.0,,80.0
1280,26,60.0,,60.0
1280,45,40.0,,40.0
318,50,80.0,,80.0
318,46,60.0,,60.0
79,49,80.0,,80.0
79,51,60.0,,60.0
79,11,40.0,,40.0
620,18,80.0,,80.0
620,46,60.0,,60.0
620,19,40.0,,40.0
1427,13,80.0,,80.0
1427,47,60.0,,60.0
1427,51,40.0,,40.0
1137,47,80.0,,80.0
1137,36,60.0,,60.0
1137,32,40.0,,40.0
238,49,80.0,,80.0
238,51,60.0,,60.0
238,20,40.0,,40.0
1379,49,80.0,,80.0
1379,47,60.0,,60.0
493,12,80.0,,80.0
493,46,60.0,,60.0
493,14,40.0,,40.0
448,47,80.0,,80.0
448,44,60.0,,60.0
448,48,40.0,,40.0
43,49,80.0,,80.0
43,1,60.0,,60.0
43,48,40.0,,40.0
1010,17,80.0,,80.0
1010,51,60.0,,60.0
1010,48,40.0,,40.0
582,49,80.0,,80.0
582,46,60.0,,60.0
1453,4,80.0,,80.0
1453,50,60.0,,60.0
1477,33,80.0,,80.0
1477,44,60.0,,60.0
1477,46,40.0,,40.0
814,4,80.0,,80.0
814,46,60.0,,60.0
87,31,80.0,,80.0
87,47,60.0,,60.0
87,46,40.0,,40.0
826,49,80.0,,80.0
826,36,60.0,,60.0
826,46,40.0,,40.0
705,38,80.0,,80.0
705,47,60.0,,60.0
705,44,40.0,,40.0
47,49,80.0,,80.0
47,24,60.0,,60.0
47,46,40.0,,40.0
580,49,80.0,,80.0
580,47,60.0,,60.0
580,17,40.0,,40.0
520,40,80.0,,80.0
520,47,60.0,,60.0
520,44,40.0,,40.0
1141,51,80.0,,80.0
1141,47,60.0,,60.0
1141,3,40.0,,40.0
561,51,80.0,,80.0
561,35,60.0,,60.0
736,49,80.0,,80.0
736,50,60.0,,60.0
736,46,40.0,,40.0
533,21,80.0,,80.0
533,50,60.0,,60.0
533,49,40.0,,40.0
560,49,80.0,,80.0
560,46,60.0,,60.0
560,14,40.0,,40.0
313,15,80.0,,80.0
313,50,60.0,,60.0
313,44,40.0,,40.0
277,17,80.0,,80.0
277,20,60.0,,60.0
277,45,40.0,,40.0
698,51,80.0,,80.0
698,47,60.0,,60.0
698,44,40.0,,40.0
530,49,80.0,,80.0
530,46,60.0,,60.0
530,14,40.0,,40.0
1210,50,80.0,,80.0
1210,47,60.0,,60.0
1210,14,40.0,,40.0
356,19,80.0,,80.0
356,46,60.0,,60.0
356,48,40.0,,40.0
157,49,80.0,,80.0
157,12,60.0,,60.0
71,49,80.0,,80.0
71,23,60.0,,60.0
71,26,40.0,,40.0
1098,4,80.0,,80.0
1098,44,60.0,,60.0
524,48,80.0,,80.0
524,46,60.0,,60.0
524,45,40.0,,40.0
954,50,80.0,,80.0
954,44,60.0,,60.0
954,45,40.0,,40.0
230,47,80.0,,80.0
230,44,60.0,,60.0
29,46,80.0,,80.0
29,45,60.0,,60.0
510,2,80.0,,80.0
510,6,60.0,,60.0
510,51,40.0,,40.0
219,50,80.0,,80.0
219,46,60.0,,60.0
1114,30,80.0,,80.0
1114,29,60.0,,60.0
1114,45,40.0,,40.0
485,20,80.0,,80.0
485,47,60.0,,60.0
485,46,40.0,,40.0
1058,50,80.0,,80.0
1058,29,60.0,,60.0
390,15,80.0,,80.0
390,18,60.0,,60.0
390,46,40.0,,40.0
733,49,80.0,,80.0
733,34,60.0,,60.0
509,43,80.0,,80.0
509,44,60.0,,60.0
509,48,40.0,,40.0
804,17,80.0,,80.0
804,18,60.0,,60.0
804,44,40.0,,40.0
5,49,80.0,,80.0
5,44,60.0,,60.0
5,48,40.0,,40.0
584,13,80.0,,80.0
584,12,60.0,,60.0
584,14,40.0,,40.0
1045,47,80.0,,80.0
1045,12,60.0,,60.0
1045,9,40.0,,40.0
589,44,80.0,,80.0
589,51,60.0,,60.0
589,46,40.0,,40.0
280,50,80.0,,80.0
280,6,60.0,,60.0
280,5,40.0,,40.0
1391,50,80.0,,80.0
1391,14,60.0,,60.0
1391,48,40.0,,40.0
417,47,80.0,,80.0
417,44,60.0,,60.0
417,46,40.0,,40.0
138,2,80.0,,80.0
138,50,60.0,,60.0
138,46,40.0,,40.0
361,50,80.0,,80.0
361,46,60.0,,60.0
361,45,40.0,,40.0
1500,6,80.0,,80.0
1500,47,60.0,,60.0
1500,46,40.0,,40.0
310,33,80.0,,80.0
310,47,60.0,,60.0
310,45,40.0,,40.0
1216,49,80.0,,80.0
1216,45,60.0,,60.0
697,47,80.0,,80.0
697,44,60.0,,60.0
697,48,40.0,,40.0
306,49,80.0,,80.0
306,47,60.0,,60.0
306,44,40.0,,40.0
1498,40,80.0,,80.0
1498,47,60.0,,60.0
1498,46,40.0,,40.0
69,16,80.0,,80.0
69,15,60.0,,60.0
69,17,40.0,,40.0
1144,49,80.0,,80.0
1144,51,60.0,,60.0
1144,7,40.0,,40.0
52,18,80.0,,80.0
52,51,60.0,,60.0
52,20,40.0,,40.0
1202,29,80.0,,80.0
1202,46,60.0,,60.0
1338,9,80.0,,80.0
1338,46,60.0,,60.0
1338,45,40.0,,40.0
415,51,80.0,,80.0
415,44,60.0,,60.0
902,50,80.0,,80.0
902,44,60.0,,60.0
902,46,40.0,,40.0
1319,51,80.0,,80.0
1319,48,60.0,,60.0
599,8,80.0,,80.0
599,49,60.0,,60.0
599,48,40.0,,40.0
996,44,80.0,,80.0
996,23,60.0,,60.0
996,25,40.0,,40.0
400,49,80.0,,80.0
400,51,60.0,,60.0
927,17,80.0,,80.0
927,19,60.0,,60.0
927,45,40.0,,40.0
945,11,80.0,,80.0
945,46,60.0,,60.0
1352,4,80.0,,80.0
1352,47,60.0,,60.0
1352,46,40.0,,40.0
778,8,80.0,,80.0
778,51,60.0,,60.0
778,45,40.0,,40.0
1089,47,80.0,,80.0
1089,48,60.0,,60.0
691,44,80.0,,80.0
691,51,60.0,,60.0
739,50,80.0,,80.0
739,34,60.0,,60.0
739,35,40.0,,40.0
64,22,80.0,,80.0
64,47,60.0,,60.0
64,51,40.0,,40.0
666,49,80.0,,80.0
666,9,60.0,,60.0
666,14,40.0,,40.0
1022,24,80.0,,80.0
1022,44,60.0,,60.0
122,47,80.0,,80.0
122,46,60.0,,60.0
122,45,40.0,,40.0
735,49,80.0,,80.0
735,11,60.0,,60.0
172,44,80.0,,80.0
172,50,60.0,,60.0
172,34,40.0,,40.0
1460,45,80.0,,80.0
1460,44,60.0,,60.0
1460,35,40.0,,40.0
1484,49,80.0,,80.0
1484,44,60.0,,60.0
1484,48,40.0,,40.0
1134,45,80.0,,80.0
1134,51,60.0,,60.0
1134,48,40.0,,40.0
1063,15,80.0,,80.0
1063,17,60.0,,60.0
1063,20,40.0,,40.0
1342,22,80.0,,80.0
1342,23,60.0,,60.0
1342,26,40.0,,40.0
1419,20,80.0,,80.0
1419,18,60.0,,60.0
1419,46,40.0,,40.0
1055,47,80.0,,80.0
1055,51,60.0,,60.0
1055,48,40.0,,40.0
822,50,80.0,,80.0
822,51,60.0,,60.0
1399,50,80.0,,80.0
1399,51,60.0,,60.0
1399,7,40.0,,40.0
1354,44,80.0,,80.0
1354,46,60.0,,60.0
636,50,80.0,,80.0
636,29,60.0,,60.0
636,48,40.0,,40.0
1152,50,80.0,,80.0
1152,44,60.0,,60.0
1152,46,40.0,,40.0
242,50,80.0,,80.0
242,46,60.0,,60.0
242,48,40.0,,40.0
125,42,80.0,,80.0
125,47,60.0,,60.0
125,48,40.0,,40.0
11,47,80.0,,80.0
11,51,60.0,,60.0
11,48,40.0,,40.0
997,1,80.0,,80.0
997,47,60.0,,60.0
997,45,40.0,,40.0
1463,9,80.0,,80.0
1463,44,60.0,,60.0
1463,46,40.0,,40.0
1140,50,80.0,,80.0
1140,51,60.0,,60.0
1140,46,40.0,,40.0
1359,46,80.0,,80.0
1359,48,60.0,,60.0
1359,45,40.0,,40.0
900,14,80.0,,80.0
900,48,60.0,,60.0
865,33,80.0,,80.0
865,49,60.0,,60.0
865,47,40.0,,40.0
445,46,80.0,,80.0
445,45,60.0,,60.0
1185,51,80.0,,80.0
1185,44,60.0,,60.0
221,50,80.0,,80.0
221,44,60.0,,60.0
221,46,40.0,,40.0
1166,1,80.0,,80.0
1166,51,60.0,,60.0
1166,46,40.0,,40.0
1119,49,80.0,,80.0
1119,31,60.0,,60.0
1119,51,40.0,,40.0
630,50,80.0,,80.0
630,51,60.0,,60.0
630,46,40.0,,40.0
988,47,80.0,,80.0
988,25,60.0,,60.0
988,26,40.0,,40.0
1155,50,80.0,,80.0
1155,47,60.0,,60.0
1155,46,40.0,,40.0
478,50,80.0,,80.0
478,23,60.0,,60.0
478,48,40.0,,40.0
710,50,80.0,,80.0
710,35,60.0,,60.0
710,45,40.0,,40.0
910,23,80.0,,80.0
910,48,60.0,,60.0
910,26,40.0,,40.0
503,49,80.0,,80.0
503,45,60.0,,60.0
503,48,40.0,,40.0
1373,51,80.0,,80.0
1373,16,60.0,,60.0
1373,15,40.0,,40.0
1036,4,80.0,,80.0
1036,2,60.0,,60.0
1036,46,40.0,,40.0
484,44,80.0,,80.0
484,12,60.0,,60.0
484,14,40.0,,40.0
805,4,80.0,,80.0
805,49,60.0,,60.0
805,47,40.0,,40.0
973,9,80.0,,80.0
973,45,60.0,,60.0
427,45,80.0,,80.0
427,44,60.0,,60.0
427,48,40.0,,40.0
1135,49,80.0,,80.0
1135,51,60.0,,60.0
1135,48,40.0,,40.0
98,50,80.0,,80.0
98,40,60.0,,60.0
98,51,40.0,,40.0
701,31,80.0,,80.0
701,46,60.0,,60.0
792,49,80.0,,80.0
792,40,60.0,,60.0
872,49,80.0,,80.0
872,44,60.0,,60.0
872,46,40.0,,40.0
300,44,80.0,,80.0
300,46,60.0,,60.0
300,26,40.0,,40.0
256,50,80.0,,80.0
256,39,60.0,,60.0
256,45,40.0,,40.0
1169,45,80.0,,80.0
1169,24,60.0,,60.0
1169,48,40.0,,40.0
1115,25,80.0,,80.0
1115,47,60.0,,60.0
1115,44,40.0,,40.0
1105,50,80.0,,80.0
1105,46,60.0,,60.0
1105,45,40.0,,40.0
688,22,80.0,,80.0
688,49,60.0,,60.0
688,47,40.0,,40.0
847,4,80.0,,80.0
847,48,60.0,,60.0
518,44,80.0,,80.0
518,46,60.0,,60.0
758,36,80.0,,80.0
758,47,60.0,,60.0
758,37,40.0,,40.0
1090,13,80.0,,80.0
1090,47,60.0,,60.0
1090,14,40.0,,40.0
1033,13,80.0,,80.0
1033,50,60.0,,60.0
1033,51,40.0,,40.0
1375,4,80.0,,80.0
1375,47,60.0,,60.0
1375,3,40.0,,40.0
1337,50,80.0,,80.0
1337,12,60.0,,60.0
1337,45,40.0,,40.0
1153,16,80.0,,80.0
1153,15,60.0,,60.0
1153,20,40.0,,40.0
1300,47,80.0,,80.0
1300,46,60.0,,60.0
1300,48,40.0,,40.0
460,36,80.0,,80.0
460,44,60.0,,60.0
1362,49,80.0,,80.0
1362,48,60.0,,60.0
1386,50,80.0,,80.0
1386,39,60.0,,60.0
1386,48,40.0,,40.0
1110,44,80.0,,80.0
1110,9,60.0,,60.0
1110,10,40.0,,40.0
164,51,80.0,,80.0
164,48,60.0,,60.0
164,45,40.0,,40.0
1458,30,80.0,,80.0
1458,29,60.0,,60.0
1458,45,40.0,,40.0
303,49,80.0,,80.0
303,47,60.0,,60.0
303,51,40.0,,40.0
821,47,80.0,,80.0
821,44,60.0,,60.0
664,42,80.0,,80.0
664,47,60.0,,60.0
664,44,40.0,,40.0
207,44,80.0,,80.0
207,24,60.0,,60.0
207,51,40.0,,40.0
700,51,80.0,,80.0
700,47,60.0,,60.0
700,44,40.0,,40.0
443,49,80.0,,80.0
443,1,60.0,,60.0
443,3,40.0,,40.0
863,49,80.0,,80.0
863,50,60.0,,60.0
863,45,40.0,,40.0
1192,49,80.0,,80.0
1019,30,80.0,,80.0
1019,44,60.0,,60.0
967,45,80.0,,80.0
967,47,60.0,,60.0
967,48,40.0,,40.0
932,49,80.0,,80.0
932,50,60.0,,60.0
932,12,40.0,,40.0
529,50,80.0,,80.0
529,51,60.0,,60.0
529,48,40.0,,40.0
542,47,80.0,,80.0
542,46,60.0,,60.0
542,45,40.0,,40.0
521,49,80.0,,80.0
521,48,60.0,,60.0
769,50,80.0,,80.0
769,9,60.0,,60.0
769,48,40.0,,40.0
1243,18,80.0,,80.0
1243,45,60.0,,60.0
1186,2,80.0,,80.0
1186,49,60.0,,60.0
1186,45,40.0,,40.0
1344,44,80.0,,80.0
1344,17,60.0,,60.0
1344,46,40.0,,40.0
1457,49,80.0,,80.0
1457,24,60.0,,60.0
1457,21,40.0,,40.0
545,47,80.0,,80.0
545,44,60.0,,60.0
545,45,40.0,,40.0
1393,50,80.0,,80.0
1393,51,60.0,,60.0
1241,44,80.0,,80.0
1241,9,60.0,,60.0
1241,45,40.0,,40.0
396,50,80.0,,80.0
396,31,60.0,,60.0
396,44,40.0,,40.0
349,51,80.0,,80.0
349,2,60.0,,60.0
349,44,40.0,,40.0
1016,49,80.0,,80.0
1016,46,60.0,,60.0
1016,45,40.0,,40.0
968,47,80.0,,80.0
968,51,60.0,,60.0
968,46,40.0,,40.0
539,13,80.0,,80.0
539,44,60.0,,60.0
539,48,40.0,,40.0
10,47,80.0,,80.0
10,34,60.0,,60.0
10,45,40.0,,40.0
340,2,80.0,,80.0
340,49,60.0,,60.0
340,45,40.0,,40.0
1017,29,80.0,,80.0
1017,27,60.0,,60.0
1017,51,40.0,,40.0
442,49,80.0,,80.0
442,47,60.0,,60.0
442,11,40.0,,40.0
958,49,80.0,,80.0
958,47,60.0,,60.0
958,44,40.0,,40.0
653,38,80.0,,80.0
653,50,60.0,,60.0
653,51,40.0,,40.0
1150,41,80.0,,80.0
1150,44,60.0,,60.0
1150,46,40.0,,40.0
1331,49,80.0,,80.0
1331,50,60.0,,60.0
1331,44,40.0,,40.0
895,36,80.0,,80.0
895,44,60.0,,60.0
895,46,40.0,,40.0
120,27,80.0,,80.0
120,11,60.0,,60.0
120,48,40.0,,40.0
644,43,80.0,,80.0
644,50,60.0,,60.0
644,47,40.0,,40.0
1276,40,80.0,,80.0
1276,46,60.0,,60.0
1276,48,40.0,,40.0
837,50,80.0,,80.0
837,44,60.0,,60.0
837,46,40.0,,40.0
642,50,80.0,,80.0
642,45,60.0,,60.0
1472,50,80.0,,80.0
1472,34,60.0,,60.0
1472,35,40.0,,40.0
1191,51,80.0,,80.0
1191,46,60.0,,60.0
1191,35,40.0,,40.0
844,33,80.0,,80.0
844,34,60.0,,60.0
844,44,40.0,,40.0
329,16,80.0,,80.0
329,18,60.0,,60.0
329,51,40.0,,40.0
1279,46,80.0,,80.0
1279,48,60.0,,60.0
1279,45,40.0,,40.0
476,49,80.0,,80.0
476,34,60.0,,60.0
476,48,40.0,,40.0
106,46,80.0,,80.0
106,45,60.0,,60.0
147,51,80.0,,80.0
147,14,60.0,,60.0
1341,43,80.0,,80.0
1341,51,60.0,,60.0
1100,13,80.0,,80.0
1100,46,60.0,,60.0
1100,11,40.0,,40.0
851,30,80.0,,80.0
851,51,60.0,,60.0
851,48,40.0,,40.0
734,51,80.0,,80.0
734,50,60.0,,60.0
734,9,40.0,,40.0
992,33,80.0,,80.0
992,32,60.0,,60.0
992,37,40.0,,40.0
977,49,80.0,,80.0
977,44,60.0,,60.0
977,45,40.0,,40.0
544,47,80.0,,80.0
544,44,60.0,,60.0
544,45,40.0,,40.0
403,49,80.0,,80.0
403,45,60.0,,60.0
1268,2,80.0,,80.0
1268,44,60.0,,60.0
1268,45,40.0,,40.0
782,50,80.0,,80.0
782,12,60.0,,60.0
782,46,40.0,,40.0
336,45,80.0,,80.0
336,48,60.0,,60.0
273,40,80.0,,80.0
273,44,60.0,,60.0
273,45,40.0,,40.0
811,36,80.0,,80.0
811,44,60.0,,60.0
811,46,40.0,,40.0
991,2,80.0,,80.0
991,1,60.0,,60.0
991,51,40.0,,40.0
339,49,80.0,,80.0
339,50,60.0,,60.0
339,51,40.0,,40.0
602,7,80.0,,80.0
602,51,60.0,,60.0
602,45,40.0,,40.0
1247,49,80.0,,80.0
1247,14,60.0,,60.0
1247,48,40.0,,40.0
1198,10,80.0,,80.0
1198,48,60.0,,60.0
410,49,80.0,,80.0
410,50,60.0,,60.0
410,46,40.0,,40.0
1038,47,80.0,,80.0
1038,46,60.0,,60.0
1038,45,40.0,,40.0
1365,34,80.0,,80.0
1365,51,60.0,,60.0
1365,45,40.0,,40.0
1333,50,80.0,,80.0
1333,44,60.0,,60.0
1333,45,40.0,,40.0
497,50,80.0,,80.0
497,47,60.0,,60.0
497,51,40.0,,40.0
1297,45,80.0,,80.0
1297,46,60.0,,60.0
1297,48,40.0,,40.0
201,50,80.0,,80.0
201,45,60.0,,60.0
395,4,80.0,,80.0
395,6,60.0,,60.0
395,46,40.0,,40.0
1086,47,80.0,,80.0
1086,44,60.0,,60.0
1086,45,40.0,,40.0
189,44,80.0,,80.0
189,48,60.0,,60.0
784,49,80.0,,80.0
784,6,60.0,,60.0
784,46,40.0,,40.0
101,1,80.0,,80.0
101,48,60.0,,60.0
960,11,80.0,,80.0
960,47,60.0,,60.0
960,46,40.0,,40.0
416,41,80.0,,80.0
416,46,60.0,,60.0
416,45,40.0,,40.0
301,45,80.0,,80.0
301,44,60.0,,60.0
301,48,40.0,,40.0
1129,51,80.0,,80.0
1129,45,60.0,,60.0
785,4,80.0,,80.0
785,1,60.0,,60.0
785,51,40.0,,40.0
359,49,80.0,,80.0
359,51,60.0,,60.0
359,37,40.0,,40.0
116,22,80.0,,80.0
116,47,60.0,,60.0
116,25,40.0,,40.0
626,36,80.0,,80.0
626,47,60.0,,60.0
699,51,80.0,,80.0
699,14,60.0,,60.0
261,50,80.0,,80.0
261,37,60.0,,60.0
261,48,40.0,,40.0
345,44,80.0,,80.0
345,35,60.0,,60.0
1127,44,80.0,,80.0
1127,46,60.0,,60.0
1127,48,40.0,,40.0
575,45,80.0,,80.0
575,36,60.0,,60.0
575,48,40.0,,40.0
564,49,80.0,,80.0
564,50,60.0,,60.0
564,47,40.0,,40.0
986,44,80.0,,80.0
986,51,60.0,,60.0
986,45,40.0,,40.0
434,47,80.0,,80.0
434,48,60.0,,60.0
262,16,80.0,,80.0
262,50,60.0,,60.0
262,48,40.0,,40.0
46,23,80.0,,80.0
46,25,60.0,,60.0
46,45,40.0,,40.0
1123,49,80.0,,80.0
1123,25,60.0,,60.0
1123,46,40.0,,40.0
1415,50,80.0,,80.0
1415,18,60.0,,60.0
1415,46,40.0,,40.0
357,33,80.0,,80.0
357,50,60.0,,60.0
357,34,40.0,,40.0
936,33,80.0,,80.0
936,37,60.0,,60.0
936,48,40.0,,40.0
424,23,80.0,,80.0
424,25,60.0,,60.0
424,46,40.0,,40.0
931,2,80.0,,80.0
931,1,60.0,,60.0
841,51,80.0,,80.0
841,46,60.0,,60.0
841,48,40.0,,40.0
474,15,80.0,,80.0
474,50,60.0,,60.0
474,17,40.0,,40.0
952,13,80.0,,80.0
952,44,60.0,,60.0
952,46,40.0,,40.0
1248,44,80.0,,80.0
1248,48,60.0,,60.0
1327,24,80.0,,80.0
1327,51,60.0,,60.0
1330,48,80.0,,80.0
1330,45,60.0,,60.0
857,15,80.0,,80.0
857,44,60.0,,60.0
857,48,40.0,,40.0
994,39,80.0,,80.0
994,51,60.0,,60.0
994,48,40.0,,40.0
320,50,80.0,,80.0
320,12,60.0,,60.0
838,49,80.0,,80.0
838,1,60.0,,60.0
838,51,40.0,,40.0
457,18,80.0,,80.0
457,20,60.0,,60.0
944,49,80.0,,80.0
944,32,60.0,,60.0
944,46,40.0,,40.0
632,42,80.0,,80.0
632,51,60.0,,60.0
632,48,40.0,,40.0
1201,24,80.0,,80.0
1201,44,60.0,,60.0
871,2,80.0,,80.0
871,50,60.0,,60.0
871,1,40.0,,40.0
889,49,80.0,,80.0
889,14,60.0,,60.0
889,48,40.0,,40.0
1371,47,80.0,,80.0
1371,48,60.0,,60.0
1461,44,80.0,,80.0
1461,12,60.0,,60.0
1461,48,40.0,,40.0
32,27,80.0,,80.0
32,50,60.0,,60.0
32,30,40.0,,40.0
1356,50,80.0,,80.0
1356,20,60.0,,60.0
1446,33,80.0,,80.0
1446,47,60.0,,60.0
1446,46,40.0,,40.0
167,44,80.0,,80.0
167,11,60.0,,60.0
818,36,80.0,,80.0
818,47,60.0,,60.0
818,46,40.0,,40.0
667,43,80.0,,80.0
667,40,60.0,,60.0
667,51,40.0,,40.0
1067,38,80.0,,80.0
1067,44,60.0,,60.0
1067,48,40.0,,40.0
1142,44,80.0,,80.0
1142,51,60.0,,60.0
1142,45,40.0,,40.0
1041,47,80.0,,80.0
1041,44,60.0,,60.0
1041,45,40.0,,40.0
679,46,80.0,,80.0
679,45,60.0,,60.0
903,49,80.0,,80.0
903,34,60.0,,60.0
706,4,80.0,,80.0
706,50,60.0,,60.0
706,51,40.0,,40.0
293,49,80.0,,80.0
293,34,60.0,,60.0
293,48,40.0,,40.0
519,49,80.0,,80.0
519,50,60.0,,60.0
519,45,40.0,,40.0
229,50,80.0,,80.0
229,51,60.0,,60.0
229,7,40.0,,40.0
780,50,80.0,,80.0
780,47,60.0,,60.0
1103,45,80.0,,80.0
1103,47,60.0,,60.0
1103,48,40.0,,40.0
981,50,80.0,,80.0
981,46,60.0,,60.0
981,45,40.0,,40.0
348,43,80.0,,80.0
348,39,60.0,,60.0
348,46,40.0,,40.0
1285,50,80.0,,80.0
1285,12,60.0,,60.0
1285,14,40.0,,40.0
607,47,80.0,,80.0
607,10,60.0,,60.0
607,45,40.0,,40.0
76,16,80.0,,80.0
76,18,60.0,,60.0
76,19,40.0,,40.0
911,42,80.0,,80.0
911,51,60.0,,60.0
911,46,40.0,,40.0
680,49,80.0,,80.0
680,30,60.0,,60.0
680,46,40.0,,40.0
682,47,80.0,,80.0
682,46,60.0,,60.0
682,45,40.0,,40.0
49,49,80.0,,80.0
49,45,60.0,,60.0
1275,34,80.0,,80.0
1275,46,60.0,,60.0
324,44,80.0,,80.0
324,48,60.0,,60.0
798,22,80.0,,80.0
798,49,60.0,,60.0
798,23,40.0,,40.0
426,36,80.0,,80.0
426,47,60.0,,60.0
749,33,80.0,,80.0
749,47,60.0,,60.0
749,51,40.0,,40.0
1188,51,80.0,,80.0
1188,46,60.0,,60.0
1188,48,40.0,,40.0
523,2,80.0,,80.0
523,51,60.0,,60.0
523,48,40.0,,40.0
1107,30,80.0,,80.0
1107,46,60.0,,60.0
1107,48,40.0,,40.0
380,18,80.0,,80.0
380,44,60.0,,60.0
380,46,40.0,,40.0
450,47,80.0,,80.0
450,51,60.0,,60.0
450,45,40.0,,40.0
461,27,80.0,,80.0
461,50,60.0,,60.0
461,48,40.0,,40.0
1480,47,80.0,,80.0
1480,51,60.0,,60.0
649,49,80.0,,80.0
649,12,60.0,,60.0
649,14,40.0,,40.0
794,1,80.0,,80.0
794,45,60.0,,60.0
86,24,80.0,,80.0
86,50,60.0,,60.0
86,46,40.0,,40.0
998,15,80.0,,80.0
998,44,60.0,,60.0
998,46,40.0,,40.0
114,37,80.0,,80.0
114,34,60.0,,60.0
114,46,40.0,,40.0
1181,13,80.0,,80.0
1181,49,60.0,,60.0
1181,44,40.0,,40.0
1054,44,80.0,,80.0
1054,17,60.0,,60.0
1054,45,40.0,,40.0
855,46,80.0,,80.0
855,45,60.0,,60.0
891,47,80.0,,80.0
891,32,60.0,,60.0
891,46,40.0,,40.0
869,30,80.0,,80.0
869,46,60.0,,60.0
869,45,40.0,,40.0
452,50,80.0,,80.0
452,46,60.0,,60.0
452,45,40.0,,40.0
268,50,80.0,,80.0
268,46,60.0,,60.0
1204,50,80.0,,80.0
1204,36,60.0,,60.0
1204,51,40.0,,40.0
405,50,80.0,,80.0
405,47,60.0,,60.0
405,51,40.0,,40.0
326,33,80.0,,80.0
326,34,60.0,,60.0
326,46,40.0,,40.0
95,50,80.0,,80.0
95,46,60.0,,60.0
898,50,80.0,,80.0
898,48,60.0,,60.0
1406,50,80.0,,80.0
1406,51,60.0,,60.0
1406,46,40.0,,40.0
1353,47,80.0,,80.0
1353,46,60.0,,60.0
1353,48,40.0,,40.0
1111,49,80.0,,80.0
1111,29,60.0,,60.0
332,14,80.0,,80.0
332,9,60.0,,60.0
332,48,40.0,,40.0
1405,11,80.0,,80.0
1405,46,60.0,,60.0
1405,45,40.0,,40.0
1183,6,80.0,,80.0
1183,47,60.0,,60.0
1183,45,40.0,,40.0
791,42,80.0,,80.0
791,44,60.0,,60.0
791,45,40.0,,40.0
78,45,80.0,,80.0
78,20,60.0,,60.0
78,19,40.0,,40.0
1187,49,80.0,,80.0
1187,44,60.0,,60.0
1187,48,40.0,,40.0
963,49,80.0,,80.0
963,44,60.0,,60.0
963,46,40.0,,40.0
241,45,80.0,,80.0
241,35,60.0,,60.0
241,48,40.0,,40.0
1148,50,80.0,,80.0
1148,30,60.0,,60.0
1148,44,40.0,,40.0
1206,15,80.0,,80.0
1206,48,60.0,,60.0
1206,45,40.0,,40.0
1044,42,80.0,,80.0
1044,51,60.0,,60.0
1044,44,40.0,,40.0
1249,50,80.0,,80.0
1249,29,60.0,,60.0
1249,11,40.0,,40.0
635,51,80.0,,80.0
635,20,60.0,,60.0
635,45,40.0,,40.0
579,49,80.0,,80.0
579,47,60.0,,60.0
579,46,40.0,,40.0
472,36,80.0,,80.0
472,44,60.0,,60.0
392,49,80.0,,80.0
392,15,60.0,,60.0
392,17,40.0,,40.0
108,44,80.0,,80.0
108,48,60.0,,60.0
1422,49,80.0,,80.0
1422,6,60.0,,60.0
515,50,80.0,,80.0
515,47,60.0,,60.0
515,9,40.0,,40.0
317,43,80.0,,80.0
317,46,60.0,,60.0
943,5,80.0,,80.0
943,51,60.0,,60.0
943,48,40.0,,40.0
239,47,80.0,,80.0
239,26,60.0,,60.0
264,43,80.0,,80.0
264,41,60.0,,60.0
264,46,40.0,,40.0
220,33,80.0,,80.0
220,36,60.0,,60.0
220,46,40.0,,40.0
1289,31,80.0,,80.0
1289,30,60.0,,60.0
1289,45,40.0,,40.0
694,42,80.0,,80.0
694,38,60.0,,60.0
694,50,40.0,,40.0
752,40,80.0,,80.0
752,44,60.0,,60.0
752,46,40.0,,40.0
1130,20,80.0,,80.0
1130,45,60.0,,60.0
1462,18,80.0,,80.0
1462,17,60.0,,60.0
1462,48,40.0,,40.0
259,47,80.0,,80.0
259,45,60.0,,60.0
725,48,80.0,,80.0
725,45,60.0,,60.0
718,49,80.0,,80.0
718,50,60.0,,60.0
718,47,40.0,,40.0
1099,22,80.0,,80.0
1099,47,60.0,,60.0
1099,25,40.0,,40.0
1329,31,80.0,,80.0
1329,44,60.0,,60.0
1219,16,80.0,,80.0
1219,47,60.0,,60.0
490,47,80.0,,80.0
490,46,60.0,,60.0
490,7,40.0,,40.0
610,44,80.0,,80.0
610,25,60.0,,60.0
35,23,80.0,,80.0
35,25,60.0,,60.0
35,48,40.0,,40.0
1366,47,80.0,,80.0
1366,51,60.0,,60.0
1366,45,40.0,,40.0
1444,32,80.0,,80.0
1444,49,60.0,,60.0
1444,47,40.0,,40.0
183,2,80.0,,80.0
183,1,60.0,,60.0
971,27,80.0,,80.0
971,50,60.0,,60.0
971,51,40.0,,40.0
1260,33,80.0,,80.0
1260,50,60.0,,60.0
152,51,80.0,,80.0
152,44,60.0,,60.0
152,45,40.0,,40.0
1234,47,80.0,,80.0
1234,51,60.0,,60.0
1234,20,40.0,,40.0
1085,47,80.0,,80.0
1085,10,60.0,,60.0
1085,45,40.0,,40.0
830,47,80.0,,80.0
830,46,60.0,,60.0
499,18,80.0,,80.0
499,20,60.0,,60.0
499,48,40.0,,40.0
637,31,80.0,,80.0
637,29,60.0,,60.0
637,45,40.0,,40.0
601,49,80.0,,80.0
601,44,60.0,,60.0
601,45,40.0,,40.0
717,44,80.0,,80.0
717,51,60.0,,60.0
717,46,40.0,,40.0
80,44,80.0,,80.0
80,12,60.0,,60.0
80,45,40.0,,40.0
1151,27,80.0,,80.0
1151,46,60.0,,60.0
1151,48,40.0,,40.0
1488,50,80.0,,80.0
1488,51,60.0,,60.0
1488,48,40.0,,40.0
1217,31,80.0,,80.0
1217,29,60.0,,60.0
795,49,80.0,,80.0
795,46,60.0,,60.0
795,11,40.0,,40.0
495,49,80.0,,80.0
495,45,60.0,,60.0
495,48,40.0,,40.0
882,47,80.0,,80.0
882,46,60.0,,60.0
882,45,40.0,,40.0
1478,18,80.0,,80.0
1478,20,60.0,,60.0
1436,38,80.0,,80.0
1436,50,60.0,,60.0
1436,48,40.0,,40.0
673,51,80.0,,80.0
673,46,60.0,,60.0
673,45,40.0,,40.0
1489,47,80.0,,80.0
1489,10,60.0,,60.0
1489,14,40.0,,40.0
1178,51,80.0,,80.0
1178,9,60.0,,60.0
1178,12,40.0,,40.0
130,49,80.0,,80.0
130,46,60.0,,60.0
130,45,40.0,,40.0
1451,43,80.0,,80.0
1451,39,60.0,,60.0
1451,51,40.0,,40.0
681,44,80.0,,80.0
681,51,60.0,,60.0
681,46,40.0,,40.0
257,23,80.0,,80.0
257,45,60.0,,60.0
1116,47,80.0,,80.0
1116,29,60.0,,60.0
166,47,80.0,,80.0
166,46,60.0,,60.0
166,48,40.0,,40.0
583,47,80.0,,80.0
583,46,60.0,,60.0
583,18,40.0,,40.0
205,12,80.0,,80.0
205,51,60.0,,60.0
205,14,40.0,,40.0
103,49,80.0,,80.0
103,47,60.0,,60.0
103,48,40.0,,40.0
590,49,80.0,,80.0
590,46,60.0,,60.0
590,45,40.0,,40.0
8,47,80.0,,80.0
8,20,60.0,,60.0
1046,47,80.0,,80.0
1046,51,60.0,,60.0
786,18,80.0,,80.0
786,45,60.0,,60.0
1302,49,80.0,,80.0
1302,17,60.0,,60.0
1302,46,40.0,,40.0
1124,1,80.0,,80.0
1124,51,60.0,,60.0
1124,45,40.0,,40.0
335,50,80.0,,80.0
335,51,60.0,,60.0
831,21,80.0,,80.0
831,47,60.0,,60.0
831,26,40.0,,40.0
2,42,80.0,,80.0
2,50,60.0,,60.0
2,45,40.0,,40.0
640,47,80.0,,80.0
640,25,60.0,,60.0
640,45,40.0,,40.0
928,50,80.0,,80.0
928,51,60.0,,60.0
928,46,40.0,,40.0
135,39,80.0,,80.0
135,47,60.0,,60.0
135,45,40.0,,40.0
111,27,80.0,,80.0
111,31,60.0,,60.0
1475,42,80.0,,80.0
1475,38,60.0,,60.0
1475,45,40.0,,40.0
696,49,80.0,,80.0
696,47,60.0,,60.0
696,45,40.0,,40.0
737,47,80.0,,80.0
737,44,60.0,,60.0
737,48,40.0,,40.0
859,49,80.0,,80.0
859,50,60.0,,60.0
859,46,40.0,,40.0
534,44,80.0,,80.0
534,46,60.0,,60.0
360,27,80.0,,80.0
360,44,60.0,,60.0
618,49,80.0,,80.0
618,48,60.0,,60.0
279,50,80.0,,80.0
279,14,60.0,,60.0
279,45,40.0,,40.0
217,6,80.0,,80.0
217,47,60.0,,60.0
217,45,40.0,,40.0
606,51,80.0,,80.0
606,37,60.0,,60.0
606,48,40.0,,40.0
30,50,80.0,,80.0
30,46,60.0,,60.0
30,14,40.0,,40.0
525,39,80.0,,80.0
525,44,60.0,,60.0
1024,47,80.0,,80.0
1024,44,60.0,,60.0
1024,45,40.0,,40.0
881,49,80.0,,80.0
881,46,60.0,,60.0
756,18,80.0,,80.0
756,47,60.0,,60.0
756,48,40.0,,40.0
836,51,80.0,,80.0
836,46,60.0,,60.0
836,45,40.0,,40.0
88,45,80.0,,80.0
88,47,60.0,,60.0
88,48,40.0,,40.0
825,47,80.0,,80.0
825,48,60.0,,60.0
825,45,40.0,,40.0
565,45,80.0,,80.0
195,49,80.0,,80.0
195,44,60.0,,60.0
195,45,40.0,,40.0
1147,33,80.0,,80.0
1147,47,60.0,,60.0
1147,37,40.0,,40.0
486,50,80.0,,80.0
486,47,60.0,,60.0
486,44,40.0,,40.0
864,47,80.0,,80.0
864,44,60.0,,60.0
1440,50,80.0,,80.0
1440,47,60.0,,60.0
1440,34,40.0,,40.0
877,50,80.0,,80.0
877,48,60.0,,60.0
1403,49,80.0,,80.0
1403,44,60.0,,60.0
1403,46,40.0,,40.0
1452,12,80.0,,80.0
1452,46,60.0,,60.0
1452,45,40.0,,40.0
552,49,80.0,,80.0
552,46,60.0,,60.0
728,18,80.0,,80.0
728,44,60.0,,60.0
728,45,40.0,,40.0
199,49,80.0,,80.0
199,44,60.0,,60.0
199,35,40.0,,40.0
1367,2,80.0,,80.0
1367,1,60.0,,60.0
1367,51,40.0,,40.0
774,50,80.0,,80.0
774,44,60.0,,60.0
144,40,80.0,,80.0
144,47,60.0,,60.0
144,51,40.0,,40.0
537,49,80.0,,80.0
537,47,60.0,,60.0
537,11,40.0,,40.0
890,51,80.0,,80.0
890,48,60.0,,60.0
890,45,40.0,,40.0
397,44,80.0,,80.0
397,48,60.0,,60.0
51,39,80.0,,80.0
51,47,60.0,,60.0
563,50,80.0,,80.0
563,25,60.0,,60.0
563,48,40.0,,40.0
180,50,80.0,,80.0
180,44,60.0,,60.0
180,48,40.0,,40.0
896,49,80.0,,80.0
896,50,60.0,,60.0
896,47,40.0,,40.0
925,51,80.0,,80.0
925,10,60.0,,60.0
925,44,40.0,,40.0
1274,43,80.0,,80.0
1274,49,60.0,,60.0
1274,39,40.0,,40.0
456,49,80.0,,80.0
456,46,60.0,,60.0
456,48,40.0,,40.0
1350,8,80.0,,80.0
1350,3,60.0,,60.0
1350,48,40.0,,40.0
1092,47,80.0,,80.0
1092,44,60.0,,60.0
1092,14,40.0,,40.0
858,50,80.0,,80.0
858,47,60.0,,60.0
858,45,40.0,,40.0
425,33,80.0,,80.0
425,36,60.0,,60.0
425,48,40.0,,40.0
225,12,80.0,,80.0
225,50,60.0,,60.0
225,51,40.0,,40.0
1029,49,80.0,,80.0
1029,47,60.0,,60.0
1029,46,40.0,,40.0
1401,47,80.0,,80.0
1401,12,60.0,,60.0
1401,14,40.0,,40.0
387,47,80.0,,80.0
387,44,60.0,,60.0
387,19,40.0,,40.0
1409,47,80.0,,80.0
1409,17,60.0,,60.0
1409,19,40.0,,40.0
885,51,80.0,,80.0
885,46,60.0,,60.0
885,45,40.0,,40.0
1383,51,80.0,,80.0
1383,44,60.0,,60.0
1383,46,40.0,,40.0
224,46,80.0,,80.0
224,45,60.0,,60.0
275,36,80.0,,80.0
275,51,60.0,,60.0
275,45,40.0,,40.0
1272,47,80.0,,80.0
1272,51,60.0,,60.0
1272,46,40.0,,40.0
117,30,80.0,,80.0
117,45,60.0,,60.0
751,27,80.0,,80.0
751,50,60.0,,60.0
751,31,40.0,,40.0
1139,49,80.0,,80.0
1139,27,60.0,,60.0
1139,11,40.0,,40.0
808,33,80.0,,80.0
808,51,60.0,,60.0
808,45,40.0,,40.0
511,49,80.0,,80.0
511,46,60.0,,60.0
511,14,40.0,,40.0
659,51,80.0,,80.0
659,11,60.0,,60.0
993,49,80.0,,80.0
993,47,60.0,,60.0
993,45,40.0,,40.0
1077,36,80.0,,80.0
1077,46,60.0,,60.0
1077,35,40.0,,40.0
6,40,80.0,,80.0
6,47,60.0,,60.0
6,44,40.0,,40.0
788,40,80.0,,80.0
788,47,60.0,,60.0
788,46,40.0,,40.0
94,15,80.0,,80.0
94,49,60.0,,60.0
94,16,40.0,,40.0
113,25,80.0,,80.0
113,46,60.0,,60.0
113,48,40.0,,40.0
75,33,80.0,,80.0
75,50,60.0,,60.0
75,44,40.0,,40.0
870,10,80.0,,80.0
870,51,60.0,,60.0
870,11,40.0,,40.0
1304,49,80.0,,80.0
1304,47,60.0,,60.0
1304,45,40.0,,40.0
421,33,80.0,,80.0
421,51,60.0,,60.0
421,46,40.0,,40.0
1235,51,80.0,,80.0
1235,48,60.0,,60.0
916,15,80.0,,80.0
916,17,60.0,,60.0
916,45,40.0,,40.0
757,4,80.0,,80.0
757,50,60.0,,60.0
757,3,40.0,,40.0
1311,50,80.0,,80.0
1311,48,60.0,,60.0
263,50,80.0,,80.0
263,11,60.0,,60.0
263,14,40.0,,40.0
296,44,80.0,,80.0
296,11,60.0,,60.0
296,45,40.0,,40.0
978,10,80.0,,80.0
978,48,60.0,,60.0
978,14,40.0,,40.0
657,49,80.0,,80.0
657,50,60.0,,60.0
657,44,40.0,,40.0
1050,16,80.0,,80.0
1050,15,60.0,,60.0
1050,48,40.0,,40.0
437,40,80.0,,80.0
437,46,60.0,,60.0
437,45,40.0,,40.0
439,14,80.0,,80.0
439,48,60.0,,60.0
823,50,80.0,,80.0
823,3,60.0,,60.0
823,46,40.0,,40.0
406,49,80.0,,80.0
406,47,60.0,,60.0
481,22,80.0,,80.0
481,49,60.0,,60.0
481,44,40.0,,40.0
177,51,80.0,,80.0
177,50,60.0,,60.0
177,44,40.0,,40.0
984,13,80.0,,80.0
984,10,60.0,,60.0
984,11,40.0,,40.0
1261,47,80.0,,80.0
1261,44,60.0,,60.0
1261,35,40.0,,40.0
591,49,80.0,,80.0
591,50,60.0,,60.0
591,47,40.0,,40.0
1266,49,80.0,,80.0
1266,47,60.0,,60.0
759,44,80.0,,80.0
759,46,60.0,,60.0
1238,2,80.0,,80.0
1238,47,60.0,,60.0
82,23,80.0,,80.0
82,51,60.0,,60.0
82,26,40.0,,40.0
955,50,80.0,,80.0
955,25,60.0,,60.0
955,45,40.0,,40.0
1051,49,80.0,,80.0
1051,46,60.0,,60.0
1051,48,40.0,,40.0
1000,13,80.0,,80.0
1000,50,60.0,,60.0
1000,46,40.0,,40.0
92,51,80.0,,80.0
92,14,60.0,,60.0
655,13,80.0,,80.0
655,47,60.0,,60.0
655,46,40.0,,40.0
28,36,80.0,,80.0
28,46,60.0,,60.0
28,35,40.0,,40.0
708,45,80.0,,80.0
708,49,60.0,,60.0
708,19,40.0,,40.0
407,49,80.0,,80.0
407,47,60.0,,60.0
407,46,40.0,,40.0
1006,43,80.0,,80.0
1006,38,60.0,,60.0
1006,45,40.0,,40.0
815,49,80.0,,80.0
815,46,60.0,,60.0
815,48,40.0,,40.0
985,18,80.0,,80.0
985,17,60.0,,60.0
985,45,40.0,,40.0
222,2,80.0,,80.0
222,50,60.0,,60.0
222,45,40.0,,40.0
215,44,80.0,,80.0
215,46,60.0,,60.0
215,45,40.0,,40.0
1212,49,80.0,,80.0
1212,39,60.0,,60.0
1212,46,40.0,,40.0
1421,6,80.0,,80.0
1421,46,60.0,,60.0
1421,48,40.0,,40.0
1062,43,80.0,,80.0
1062,50,60.0,,60.0
1062,40,40.0,,40.0
1118,18,80.0,,80.0
1118,17,60.0,,60.0
1118,46,40.0,,40.0
343,47,80.0,,80.0
343,51,60.0,,60.0
695,47,80.0,,80.0
695,17,60.0,,60.0
695,18,40.0,,40.0
266,51,80.0,,80.0
266,44,60.0,,60.0
342,49,80.0,,80.0
342,10,60.0,,60.0
342,44,40.0,,40.0
923,51,80.0,,80.0
923,46,60.0,,60.0
923,45,40.0,,40.0
55,45,80.0,,80.0
55,44,60.0,,60.0
55,48,40.0,,40.0
66,27,80.0,,80.0
66,49,60.0,,60.0
66,47,40.0,,40.0
232,14,80.0,,80.0
232,51,60.0,,60.0
232,45,40.0,,40.0
1246,38,80.0,,80.0
1246,40,60.0,,60.0
1246,51,40.0,,40.0
574,8,80.0,,80.0
574,1,60.0,,60.0
574,51,40.0,,40.0
1326,29,80.0,,80.0
1326,47,60.0,,60.0
1326,51,40.0,,40.0
875,50,80.0,,80.0
875,36,60.0,,60.0
875,44,40.0,,40.0
1335,26,80.0,,80.0
1335,49,60.0,,60.0
1335,45,40.0,,40.0
914,47,80.0,,80.0
914,44,60.0,,60.0
914,46,40.0,,40.0
913,48,80.0,,80.0
913,46,60.0,,60.0
913,45,40.0,,40.0
401,4,80.0,,80.0
401,1,60.0,,60.0
185,50,80.0,,80.0
185,17,60.0,,60.0
185,45,40.0,,40.0
1372,33,80.0,,80.0
1372,51,60.0,,60.0
1372,48,40.0,,40.0
81,9,80.0,,80.0
81,44,60.0,,60.0
81,45,40.0,,40.0
374,15,80.0,,80.0
374,50,60.0,,60.0
374,51,40.0,,40.0
1060,50,80.0,,80.0
1060,47,60.0,,60.0
1060,17,40.0,,40.0
866,50,80.0,,80.0
866,10,60.0,,60.0
866,45,40.0,,40.0
161,47,80.0,,80.0
161,51,60.0,,60.0
161,46,40.0,,40.0
594,49,80.0,,80.0
594,17,60.0,,60.0
594,20,40.0,,40.0
957,39,80.0,,80.0
957,51,60.0,,60.0
957,46,40.0,,40.0
1173,49,80.0,,80.0
1173,13,60.0,,60.0
1245,49,80.0,,80.0
1245,7,60.0,,60.0
110,49,80.0,,80.0
110,44,60.0,,60.0
110,35,40.0,,40.0
980,33,80.0,,80.0
980,44,60.0,,60.0
980,51,40.0,,40.0
766,15,80.0,,80.0
766,44,60.0,,60.0
766,48,40.0,,40.0
846,50,80.0,,80.0
846,48,60.0,,60.0
846,26,40.0,,40.0
307,47,80.0,,80.0
307,46,60.0,,60.0
307,48,40.0,,40.0
1221,22,80.0,,80.0
1221,23,60.0,,60.0
1221,46,40.0,,40.0
244,45,80.0,,80.0
244,47,60.0,,60.0
244,48,40.0,,40.0
102,51,80.0,,80.0
102,14,60.0,,60.0
1328,2,80.0,,80.0
1328,6,60.0,,60.0
1328,46,40.0,,40.0
18,40,80.0,,80.0
18,44,60.0,,60.0
18,48,40.0,,40.0
1449,44,80.0,,80.0
1449,11,60.0,,60.0
592,50,80.0,,80.0
592,44,60.0,,60.0
592,46,40.0,,40.0
137,44,80.0,,80.0
137,46,60.0,,60.0
137,48,40.0,,40.0
1293,47,80.0,,80.0
1293,25,60.0,,60.0
1293,45,40.0,,40.0
31,49,80.0,,80.0
31,51,60.0,,60.0
31,46,40.0,,40.0
553,49,80.0,,80.0
553,25,60.0,,60.0
553,45,40.0,,40.0
1469,51,80.0,,80.0
1469,47,60.0,,60.0
1469,34,40.0,,40.0
974,47,80.0,,80.0
974,46,60.0,,60.0
974,48,40.0,,40.0
4,50,80.0,,80.0
4,48,60.0,,60.0
983,49,80.0,,80.0
983,47,60.0,,60.0
983,18,40.0,,40.0
42,47,80.0,,80.0
42,29,60.0,,60.0
42,30,40.0,,40.0
45,33,80.0,,80.0
45,36,60.0,,60.0
45,45,40.0,,40.0
480,38,80.0,,80.0
480,49,60.0,,60.0
480,46,40.0,,40.0
1450,44,80.0,,80.0
1450,51,60.0,,60.0
1450,48,40.0,,40.0
517,29,80.0,,80.0
517,51,60.0,,60.0
517,11,40.0,,40.0
941,1,80.0,,80.0
941,44,60.0,,60.0
1438,43,80.0,,80.0
1438,51,60.0,,60.0
886,2,80.0,,80.0
886,49,60.0,,60.0
886,48,40.0,,40.0
829,27,80.0,,80.0
829,50,60.0,,60.0
829,29,40.0,,40.0
711,43,80.0,,80.0
711,38,60.0,,60.0
711,50,40.0,,40.0
1378,15,80.0,,80.0
1378,17,60.0,,60.0
1378,19,40.0,,40.0
1442,22,80.0,,80.0
1442,21,60.0,,60.0
1442,49,40.0,,40.0
581,51,80.0,,80.0
581,44,60.0,,60.0
581,45,40.0,,40.0
1225,49,80.0,,80.0
1225,10,60.0,,60.0
1225,44,40.0,,40.0
274,50,80.0,,80.0
274,44,60.0,,60.0
274,17,40.0,,40.0
1156,11,80.0,,80.0
1156,48,60.0,,60.0
253,47,80.0,,80.0
253,44,60.0,,60.0
253,46,40.0,,40.0
501,49,80.0,,80.0
501,50,60.0,,60.0
501,46,40.0,,40.0
1259,23,80.0,,80.0
1259,46,60.0,,60.0
1259,45,40.0,,40.0
1257,51,80.0,,80.0
1257,1,60.0,,60.0
1257,44,40.0,,40.0
198,49,80.0,,80.0
198,50,60.0,,60.0
198,44,40.0,,40.0
429,13,80.0,,80.0
429,48,60.0,,60.0
429,45,40.0,,40.0
179,49,80.0,,80.0
179,17,60.0,,60.0
179,19,40.0,,40.0
1389,47,80.0,,80.0
1389,10,60.0,,60.0
1389,14,40.0,,40.0
1380,37,80.0,,80.0
1380,50,60.0,,60.0
1380,46,40.0,,40.0
36,47,80.0,,80.0
36,46,60.0,,60.0
36,35,40.0,,40.0
491,43,80.0,,80.0
491,40,60.0,,60.0
1040,45,80.0,,80.0
1040,44,60.0,,60.0
1040,48,40.0,,40.0
358,49,80.0,,80.0
358,46,60.0,,60.0
358,48,40.0,,40.0
408,31,80.0,,80.0
408,30,60.0,,60.0
408,45,40.0,,40.0
1200,50,80.0,,80.0
1200,23,60.0,,60.0
1200,26,40.0,,40.0
468,50,80.0,,80.0
468,48,60.0,,60.0
1310,50,80.0,,80.0
1310,36,60.0,,60.0
1310,45,40.0,,40.0
1388,21,80.0,,80.0
1388,50,60.0,,60.0
1072,47,80.0,,80.0
1072,46,60.0,,60.0
1072,48,40.0,,40.0
85,14,80.0,,80.0
85,48,60.0,,60.0
755,50,80.0,,80.0
755,47,60.0,,60.0
755,45,40.0,,40.0
16,44,80.0,,80.0
16,31,60.0,,60.0
16,51,40.0,,40.0
638,50,80.0,,80.0
638,5,60.0,,60.0
68,50,80.0,,80.0
68,44,60.0,,60.0
68,45,40.0,,40.0
498,1,80.0,,80.0
498,5,60.0,,60.0
498,48,40.0,,40.0
1182,21,80.0,,80.0
1182,47,60.0,,60.0
1182,48,40.0,,40.0
833,49,80.0,,80.0
833,51,60.0,,60.0
833,35,40.0,,40.0
473,47,80.0,,80.0
473,51,60.0,,60.0
388,43,80.0,,80.0
388,50,60.0,,60.0
388,44,40.0,,40.0
707,50,80.0,,80.0
707,51,60.0,,60.0
707,46,40.0,,40.0
1418,47,80.0,,80.0
1418,48,60.0,,60.0
959,33,80.0,,80.0
959,47,60.0,,60.0
959,45,40.0,,40.0
631,50,80.0,,80.0
631,51,60.0,,60.0
631,45,40.0,,40.0
773,49,80.0,,80.0
773,47,60.0,,60.0
773,44,40.0,,40.0
223,49,80.0,,80.0
223,36,60.0,,60.0
223,45,40.0,,40.0
96,49,80.0,,80.0
96,18,60.0,,60.0
96,17,40.0,,40.0
1434,43,80.0,,80.0
1434,51,60.0,,60.0
1434,45,40.0,,40.0
787,6,80.0,,80.0
787,45,60.0,,60.0
800,30,80.0,,80.0
800,46,60.0,,60.0
800,45,40.0,,40.0
422,50,80.0,,80.0
422,47,60.0,,60.0
422,45,40.0,,40.0
151,51,80.0,,80.0
151,44,60.0,,60.0
151,45,40.0,,40.0
1414,36,80.0,,80.0
1414,48,60.0,,60.0
378,22,80.0,,80.0
378,44,60.0,,60.0
378,45,40.0,,40.0
377,48,80.0,,80.0
377,26,60.0,,60.0
1312,18,80.0,,80.0
1312,48,60.0,,60.0
193,30,80.0,,80.0
193,46,60.0,,60.0
193,48,40.0,,40.0
1323,27,80.0,,80.0
1323,31,60.0,,60.0
1323,44,40.0,,40.0
1407,24,80.0,,80.0
1407,50,60.0,,60.0
1407,51,40.0,,40.0
1013,25,80.0,,80.0
1013,46,60.0,,60.0
1013,26,40.0,,40.0
1306,49,80.0,,80.0
1306,46,60.0,,60.0
1306,45,40.0,,40.0
291,49,80.0,,80.0
291,51,60.0,,60.0
291,48,40.0,,40.0
892,15,80.0,,80.0
892,19,60.0,,60.0
892,48,40.0,,40.0
109,49,80.0,,80.0
109,46,60.0,,60.0
109,45,40.0,,40.0
878,49,80.0,,80.0
878,51,60.0,,60.0
878,11,40.0,,40.0
1028,50,80.0,,80.0
1028,44,60.0,,60.0
1028,46,40.0,,40.0
1284,36,80.0,,80.0
1284,47,60.0,,60.0
1284,44,40.0,,40.0
1490,51,80.0,,80.0
1490,6,60.0,,60.0
1490,44,40.0,,40.0
37,47,80.0,,80.0
37,48,60.0,,60.0
364,49,80.0,,80.0
364,47,60.0,,60.0
364,48,40.0,,40.0
648,13,80.0,,80.0
648,50,60.0,,60.0
648,51,40.0,,40.0
1256,22,80.0,,80.0
1256,25,60.0,,60.0
1332,47,80.0,,80.0
1332,44,60.0,,60.0
1332,30,40.0,,40.0
763,31,80.0,,80.0
763,30,60.0,,60.0
763,29,40.0,,40.0
1271,51,80.0,,80.0
1271,44,60.0,,60.0
1271,20,40.0,,40.0
1122,50,80.0,,80.0
1122,12,60.0,,60.0
1122,45,40.0,,40.0
901,49,80.0,,80.0
901,50,60.0,,60.0
901,17,40.0,,40.0
683,33,80.0,,80.0
683,34,60.0,,60.0
683,45,40.0,,40.0
1207,43,80.0,,80.0
1207,41,60.0,,60.0
1207,46,40.0,,40.0
1431,49,80.0,,80.0
1431,3,60.0,,60.0
469,50,80.0,,80.0
469,10,60.0,,60.0
469,48,40.0,,40.0
1226,8,80.0,,80.0
1226,44,60.0,,60.0
647,4,80.0,,80.0
647,47,60.0,,60.0
647,7,40.0,,40.0
251,49,80.0,,80.0
251,51,60.0,,60.0
251,46,40.0,,40.0
842,49,80.0,,80.0
842,6,60.0,,60.0
842,44,40.0,,40.0
1286,49,80.0,,80.0
1286,50,60.0,,60.0
1286,47,40.0,,40.0
386,50,80.0,,80.0
386,44,60.0,,60.0
386,45,40.0,,40.0
70,47,80.0,,80.0
70,44,60.0,,60.0
70,45,40.0,,40.0
1,2,80.0,,80.0
1,50,60.0,,60.0
1,7,40.0,,40.0
304,43,80.0,,80.0
304,40,60.0,,60.0
304,44,40.0,,40.0
260,38,80.0,,80.0
260,39,60.0,,60.0
260,49,40.0,,40.0
38,50,80.0,,80.0
38,39,60.0,,60.0
38,51,40.0,,40.0
285,43,80.0,,80.0
285,41,60.0,,60.0
285,51,40.0,,40.0
862,45,80.0,,80.0
862,12,60.0,,60.0
862,48,40.0,,40.0
909,50,80.0,,80.0
909,51,60.0,,60.0
550,47,80.0,,80.0
550,30,60.0,,60.0
550,48,40.0,,40.0
1471,22,80.0,,80.0
1471,50,60.0,,60.0
1471,48,40.0,,40.0
1426,51,80.0,,80.0
1426,46,60.0,,60.0
1426,35,40.0,,40.0
641,49,80.0,,80.0
641,9,60.0,,60.0
641,11,40.0,,40.0
1002,51,80.0,,80.0
1002,45,60.0,,60.0
430,15,80.0,,80.0
430,49,60.0,,60.0
430,48,40.0,,40.0
908,45,80.0,,80.0
908,10,60.0,,60.0
908,48,40.0,,40.0
1347,47,80.0,,80.0
1347,30,60.0,,60.0
1347,46,40.0,,40.0
600,49,80.0,,80.0
600,25,60.0,,60.0
600,46,40.0,,40.0
852,22,80.0,,80.0
852,49,60.0,,60.0
852,26,40.0,,40.0
547,51,80.0,,80.0
547,46,60.0,,60.0
1308,51,80.0,,80.0
1308,45,60.0,,60.0
566,46,80.0,,80.0
566,47,60.0,,60.0
566,37,40.0,,40.0
178,15,80.0,,80.0
178,17,60.0,,60.0
178,48,40.0,,40.0
772,8,80.0,,80.0
772,44,60.0,,60.0
772,45,40.0,,40.0
399,47,80.0,,80.0
399,44,60.0,,60.0
393,50,80.0,,80.0
393,46,60.0,,60.0
393,45,40.0,,40.0
1252,50,80.0,,80.0
828,1,80.0,,80.0
828,51,60.0,,60.0
828,48,40.0,,40.0
712,50,80.0,,80.0
712,9,60.0,,60.0
712,45,40.0,,40.0
861,31,80.0,,80.0
861,51,60.0,,60.0
861,45,40.0,,40.0
234,12,80.0,,80.0
234,46,60.0,,60.0
234,14,40.0,,40.0
154,46,80.0,,80.0
154,14,60.0,,60.0
868,4,80.0,,80.0
868,49,60.0,,60.0
868,47,40.0,,40.0
1384,50,80.0,,80.0
1384,47,60.0,,60.0
1384,35,40.0,,40.0
355,25,80.0,,80.0
355,51,60.0,,60.0
1195,45,80.0,,80.0
1195,30,60.0,,60.0
1195,48,40.0,,40.0
1290,49,80.0,,80.0
1290,3,60.0,,60.0
1290,44,40.0,,40.0
876,45,80.0,,80.0
876,23,60.0,,60.0
876,26,40.0,,40.0
118,49,80.0,,80.0
118,46,60.0,,60.0
118,45,40.0,,40.0
494,50,80.0,,80.0
494,46,60.0,,60.0
494,20,40.0,,40.0
333,47,80.0,,80.0
333,51,60.0,,60.0
333,48,40.0,,40.0
1064,27,80.0,,80.0
1064,44,60.0,,60.0
1064,46,40.0,,40.0
692,44,80.0,,80.0
692,51,60.0,,60.0
692,7,40.0,,40.0
247,13,80.0,,80.0
247,50,60.0,,60.0
247,51,40.0,,40.0
33,49,80.0,,80.0
33,18,60.0,,60.0
33,20,40.0,,40.0
819,49,80.0,,80.0
819,51,60.0,,60.0
819,11,40.0,,40.0
93,51,80.0,,80.0
93,44,60.0,,60.0
93,48,40.0,,40.0
1264,50,80.0,,80.0
1264,9,60.0,,60.0
1264,51,40.0,,40.0
423,17,80.0,,80.0
423,51,60.0,,60.0
423,48,40.0,,40.0
937,47,80.0,,80.0
937,46,60.0,,60.0
937,19,40.0,,40.0
654,49,80.0,,80.0
654,46,60.0,,60.0
654,48,40.0,,40.0
1258,43,80.0,,80.0
1258,51,60.0,,60.0
1258,45,40.0,,40.0
834,49,80.0,,80.0
834,30,60.0,,60.0
834,11,40.0,,40.0
1056,51,80.0,,80.0
1056,46,60.0,,60.0
1056,48,40.0,,40.0
243,50,80.0,,80.0
243,26,60.0,,60.0
1205,37,80.0,,80.0
1205,46,60.0,,60.0
398,49,80.0,,80.0
398,46,60.0,,60.0
398,48,40.0,,40.0
420,47,80.0,,80.0
420,44,60.0,,60.0
420,45,40.0,,40.0
255,15,80.0,,80.0
255,18,60.0,,60.0
255,45,40.0,,40.0
192,49,80.0,,80.0
192,47,60.0,,60.0
192,30,40.0,,40.0
1030,50,80.0,,80.0
1030,40,60.0,,60.0
1030,51,40.0,,40.0
419,16,80.0,,80.0
419,44,60.0,,60.0
419,48,40.0,,40.0
214,42,80.0,,80.0
214,41,60.0,,60.0
214,48,40.0,,40.0
1196,18,80.0,,80.0
1196,17,60.0,,60.0
1196,46,40.0,,40.0
671,49,80.0,,80.0
671,47,60.0,,60.0
671,34,40.0,,40.0
1496,22,80.0,,80.0
1496,23,60.0,,60.0
1496,51,40.0,,40.0
314,47,80.0,,80.0
314,14,60.0,,60.0
330,49,80.0,,80.0
330,10,60.0,,60.0
330,14,40.0,,40.0
1299,10,80.0,,80.0
1299,46,60.0,,60.0
1299,48,40.0,,40.0
738,45,80.0,,80.0
738,50,60.0,,60.0
738,14,40.0,,40.0
12,49,80.0,,80.0
12,46,60.0,,60.0
344,50,80.0,,80.0
344,45,60.0,,60.0
1459,46,80.0,,80.0
1459,45,60.0,,60.0
1109,44,80.0,,80.0
1109,46,60.0,,60.0
1109,48,40.0,,40.0
286,2,80.0,,80.0
286,51,60.0,,60.0
286,46,40.0,,40.0
1143,44,80.0,,80.0
1143,45,60.0,,60.0
25,49,80.0,,80.0
25,44,60.0,,60.0
25,11,40.0,,40.0
34,42,80.0,,80.0
34,38,60.0,,60.0
34,51,40.0,,40.0
1361,47,80.0,,80.0
1361,51,60.0,,60.0
904,51,80.0,,80.0
904,50,60.0,,60.0
904,44,40.0,,40.0
1106,49,80.0,,80.0
1106,50,60.0,,60.0
1106,45,40.0,,40.0
67,49,80.0,,80.0
67,11,60.0,,60.0
65,17,80.0,,80.0
65,46,60.0,,60.0
65,48,40.0,,40.0
1049,47,80.0,,80.0
1049,48,60.0,,60.0
1049,19,40.0,,40.0
768,49,80.0,,80.0
768,17,60.0,,60.0
768,20,40.0,,40.0
917,36,80.0,,80.0
917,34,60.0,,60.0
917,45,40.0,,40.0
849,10,80.0,,80.0
849,46,60.0,,60.0
849,14,40.0,,40.0
1012,47,80.0,,80.0
1012,23,60.0,,60.0
1012,44,40.0,,40.0
1288,49,80.0,,80.0
1288,50,60.0,,60.0
1288,45,40.0,,40.0
874,50,80.0,,80.0
874,46,60.0,,60.0
874,48,40.0,,40.0
54,2,80.0,,80.0
54,50,60.0,,60.0
54,48,40.0,,40.0
384,21,80.0,,80.0
384,50,60.0,,60.0
384,45,40.0,,40.0
365,40,80.0,,80.0
365,45,60.0,,60.0
492,12,80.0,,80.0
492,50,60.0,,60.0
492,51,40.0,,40.0
880,44,80.0,,80.0
880,46,60.0,,60.0
880,48,40.0,,40.0
1076,15,80.0,,80.0
1076,18,60.0,,60.0
1076,48,40.0,,40.0
1387,49,80.0,,80.0
1387,48,60.0,,60.0
1387,14,40.0,,40.0
368,49,80.0,,80.0
368,50,60.0,,60.0
1174,50,80.0,,80.0
1174,47,60.0,,60.0
1174,44,40.0,,40.0
514,51,80.0,,80.0
514,3,60.0,,60.0
475,41,80.0,,80.0
475,44,60.0,,60.0
475,46,40.0,,40.0
835,51,80.0,,80.0
835,20,60.0,,60.0
765,36,80.0,,80.0
765,34,60.0,,60.0
765,48,40.0,,40.0
1004,40,80.0,,80.0
1004,51,60.0,,60.0
1004,48,40.0,,40.0
850,4,80.0,,80.0
850,44,60.0,,60.0
850,48,40.0,,40.0
1088,17,80.0,,80.0
1088,51,60.0,,60.0
1088,20,40.0,,40.0
1466,47,80.0,,80.0
1466,51,60.0,,60.0
1466,46,40.0,,40.0
142,47,80.0,,80.0
142,51,60.0,,60.0
276,49,80.0,,80.0
276,50,60.0,,60.0
276,30,40.0,,40.0
435,30,80.0,,80.0
435,46,60.0,,60.0
451,15,80.0,,80.0
451,51,60.0,,60.0
451,19,40.0,,40.0
527,13,80.0,,80.0
527,49,60.0,,60.0
527,9,40.0,,40.0
745,49,80.0,,80.0
745,51,60.0,,60.0
745,48,40.0,,40.0
790,49,80.0,,80.0
790,45,60.0,,60.0
621,41,80.0,,80.0
621,46,60.0,,60.0
621,45,40.0,,40.0
726,50,80.0,,80.0
726,44,60.0,,60.0
726,45,40.0,,40.0
1408,2,80.0,,80.0
1408,50,60.0,,60.0
1408,1,40.0,,40.0
1043,29,80.0,,80.0
1043,31,60.0,,60.0
1043,44,40.0,,40.0
327,23,80.0,,80.0
327,47,60.0,,60.0
327,25,40.0,,40.0
921,6,80.0,,80.0
921,47,60.0,,60.0
921,45,40.0,,40.0
1287,47,80.0,,80.0
1287,51,60.0,,60.0
1287,48,40.0,,40.0
287,44,80.0,,80.0
287,46,60.0,,60.0
287,45,40.0,,40.0
59,50,80.0,,80.0
59,34,60.0,,60.0
59,35,40.0,,40.0
543,27,80.0,,80.0
543,51,60.0,,60.0
543,45,40.0,,40.0
1430,49,80.0,,80.0
1430,47,60.0,,60.0
1430,46,40.0,,40.0
381,47,80.0,,80.0
381,51,60.0,,60.0
381,46,40.0,,40.0
573,44,80.0,,80.0
573,46,60.0,,60.0
741,47,80.0,,80.0
741,51,60.0,,60.0
741,20,40.0,,40.0
934,44,80.0,,80.0
934,48,60.0,,60.0
934,26,40.0,,40.0
935,22,80.0,,80.0
935,46,60.0,,60.0
935,45,40.0,,40.0
41,15,80.0,,80.0
41,18,60.0,,60.0
41,44,40.0,,40.0
200,29,80.0,,80.0
200,50,60.0,,60.0
200,44,40.0,,40.0
1209,38,80.0,,80.0
1209,39,60.0,,60.0
1209,51,40.0,,40.0
775,50,80.0,,80.0
775,12,60.0,,60.0
775,48,40.0,,40.0
722,27,80.0,,80.0
722,50,60.0,,60.0
722,11,40.0,,40.0
860,43,80.0,,80.0
860,47,60.0,,60.0
1138,51,80.0,,80.0
1138,17,60.0,,60.0
1138,48,40.0,,40.0
670,50,80.0,,80.0
670,47,60.0,,60.0
670,46,40.0,,40.0
350,49,80.0,,80.0
350,50,60.0,,60.0
840,16,80.0,,80.0
840,49,60.0,,60.0
840,20,40.0,,40.0
104,47,80.0,,80.0
104,34,60.0,,60.0
104,45,40.0,,40.0
459,49,80.0,,80.0
459,50,60.0,,60.0
459,45,40.0,,40.0
612,16,80.0,,80.0
612,47,60.0,,60.0
612,44,40.0,,40.0
148,49,80.0,,80.0
148,51,60.0,,60.0
148,46,40.0,,40.0
466,47,80.0,,80.0
466,44,60.0,,60.0
182,33,80.0,,80.0
182,47,60.0,,60.0
182,46,40.0,,40.0
13,43,80.0,,80.0
13,39,60.0,,60.0
13,42,40.0,,40.0
436,51,80.0,,80.0
436,46,60.0,,60.0
436,45,40.0,,40.0
169,50,80.0,,80.0
169,30,60.0,,60.0
169,46,40.0,,40.0
1220,49,80.0,,80.0
1220,50,60.0,,60.0
1220,1,40.0,,40.0
1096,49,80.0,,80.0
1096,50,60.0,,60.0
1096,44,40.0,,40.0
783,22,80.0,,80.0
783,24,60.0,,60.0
783,48,40.0,,40.0
663,13,80.0,,80.0
663,51,60.0,,60.0
1231,44,80.0,,80.0
1231,48,60.0,,60.0
747,30,80.0,,80.0
747,51,60.0,,60.0
747,46,40.0,,40.0
127,50,80.0,,80.0
127,51,60.0,,60.0
127,11,40.0,,40.0
1069,50,80.0,,80.0
1069,29,60.0,,60.0
1069,48,40.0,,40.0
1428,44,80.0,,80.0
1428,46,60.0,,60.0
1428,45,40.0,,40.0
1097,11,80.0,,80.0
1097,51,60.0,,60.0
1097,46,40.0,,40.0
84,22,80.0,,80.0
84,25,60.0,,60.0
84,26,40.0,,40.0
744,40,80.0,,80.0
744,44,60.0,,60.0
744,46,40.0,,40.0
1456,49,80.0,,80.0
1456,51,60.0,,60.0
1385,49,80.0,,80.0
1385,50,60.0,,60.0
1385,11,40.0,,40.0
1467,49,80.0,,80.0
1467,1,60.0,,60.0
1467,47,40.0,,40.0
1334,49,80.0,,80.0
1334,50,60.0,,60.0
970,50,80.0,,80.0
970,47,60.0,,60.0
970,37,40.0,,40.0
730,49,80.0,,80.0
730,46,60.0,,60.0
730,20,40.0,,40.0
1034,49,80.0,,80.0
1034,48,60.0,,60.0
453,34,80.0,,80.0
453,47,60.0,,60.0
453,44,40.0,,40.0
278,15,80.0,,80.0
278,47,60.0,,60.0
278,51,40.0,,40.0
351,39,80.0,,80.0
351,44,60.0,,60.0
351,46,40.0,,40.0
760,16,80.0,,80.0
760,45,60.0,,60.0
760,48,40.0,,40.0
569,45,80.0,,80.0
569,51,60.0,,60.0
569,48,40.0,,40.0
372,2,80.0,,80.0
372,46,60.0,,60.0
372,45,40.0,,40.0
558,2,80.0,,80.0
558,49,60.0,,60.0
558,48,40.0,,40.0
489,49,80.0,,80.0
489,51,60.0,,60.0
489,45,40.0,,40.0
1172,49,80.0,,80.0
1172,50,60.0,,60.0
1172,11,40.0,,40.0
1133,23,80.0,,80.0
1133,45,60.0,,60.0
806,31,80.0,,80.0
806,11,60.0,,60.0
806,48,40.0,,40.0
19,34,80.0,,80.0
19,46,60.0,,60.0
19,48,40.0,,40.0
810,32,80.0,,80.0
810,47,60.0,,60.0
810,45,40.0,,40.0
14,27,80.0,,80.0
14,49,60.0,,60.0
14,29,40.0,,40.0
